Workbook
Name L_1.1: Recherche!$D$2:$D$6
Name L_1.1: Référentiel!$D$2:$D$6
Name L_1.2: Recherche!$D$7:$D$11
Name L_1.2: Référentiel!$D$7:$D$11
Name L_11: Recherche!$D$2:$D$6
Name L_11: Référentiel!$D$2:$D$6

Sheet Questionnaire
A1: Base TOGAF ACCM | E1: EVALUATION MATURITE ARCHITECTURE CAPABILITIES
D3: Note | E3: Questionnaire | F3: Commentaires
C4: 1. | D4: =AVERAGE(D6,D12,D18,D24,D30) -> 3.6 | E4: Architecture Governance Capability
E5: Assurer la cohérence des transformations et limiter les dérives
D6: =SUM(D7:D11) -> 2 | E6: 1Q1. Existe-t-il une gouvernance d’architecture clairement définie (comité d’architecture, processus de validation, etc.) ?
C7: FALSE | D7: =IF(C7=TRUE,1,"") | E7: Aucun comité d’architecture ni processus formel ; décisions au cas par cas.
C8: TRUE | D8: =IF(C8=TRUE,2,"") -> 2 | E8: Un comité est envisagé mais pas encore actif ; peu de formalisation.
C9: FALSE | D9: =IF(C9=TRUE,3,"") | E9: Comité existant avec rôles flous et gouvernance immature.
C10: FALSE | D10: =IF(C10=TRUE,4,"") | E10: Comité d’architecture bien défini, processus documenté et suivi.
C11: FALSE | D11: =IF(C11=TRUE,5,"") | E11: Gouvernance totalement intégrée et pilotée de façon stratégique.
D12: =SUM(D13:D17) -> 4 | E12: 1Q2. Les principes et standards d’architecture sont-ils documentés et appliqués de façon cohérente ?
C13: FALSE | D13: =IF(C13=TRUE,1,"") | E13: Aucun principe ni standard défini.
C14: FALSE | D14: =IF(C14=TRUE,2,"") | E14: Principes en cours de rédaction, non appliqués systématiquement.
C15: FALSE | D15: =IF(C15=TRUE,3,"") | E15: Principes définis mais appliqués de façon variable.
C16: TRUE | D16: =IF(C16=TRUE,4,"") -> 4 | E16: Principes formalisés, communiqués et appliqués régulièrement.
C17: FALSE | D17: =IF(C17=TRUE,5,"") | E17: Principes intégrés aux processus projets, suivis et améliorés.
D18: =SUM(D19:D23) -> 3 | E18: 1Q3. Les dérogations ou exceptions sont-elles formellement gérées et suivies ?
C19: FALSE | D19: =IF(C19=TRUE,1,"") | E19: Aucune gestion des dérogations.
C20: FALSE | D20: =IF(C20=TRUE,2,"") | E20: Gestion informelle des dérogations au cas par cas.
C21: TRUE | D21: =IF(C21=TRUE,3,"") -> 3 | E21: Processus partiellement défini, dérogations tracées mais analyse incomplète.
C22: FALSE | D22: =IF(C22=TRUE,4,"") | E22: Processus formalisé, dérogations documentées et analysées.
C23: FALSE | D23: =IF(C23=TRUE,5,"") | E23: Gestion des dérogations intégrée et optimisée, avec reporting.
D24: =SUM(D25:D29) -> 5 | E24: 1Q4. Les décisions d’architecture sont-elles prises de manière transparente et tracées ?
C25: FALSE | D25: =IF(C25=TRUE,1,"") | E25: Décisions prises de manière ad hoc et non documentées.
C26: FALSE | D26: =IF(C26=TRUE,2,"") | E26: Certaines décisions sont documentées mais la traçabilité est limitée.
C27: FALSE | D27: =IF(C27=TRUE,3,"") | E27: Décisions tracées mais manque de communication.
C28: FALSE | D28: =IF(C28=TRUE,4,"") | E28: Décisions documentées, tracées et communiquées.
C29: TRUE | D29: =IF(C29=TRUE,5,"") -> 5 | E29: Décisions tracées et disponibles via outil/référentiel.
D30: =SUM(D31:D35) -> 4 | E30: 1Q5. Les parties prenantes (métiers et IT) participent-elles aux décisions d’architecture ?
C31: FALSE | D31: =IF(C31=TRUE,1,"") | E31: Aucune implication des parties prenantes.
C32: FALSE | D32: =IF(C32=TRUE,2,"") | E32: Consultation ponctuelle des parties prenantes.
C33: FALSE | D33: =IF(C33=TRUE,3,"") | E33: Parties prenantes consultées mais peu impliquées.
C34: TRUE | D34: =IF(C34=TRUE,4,"") -> 4 | E34: Participation active des parties prenantes aux décisions importantes.
C35: FALSE | D35: =IF(C35=TRUE,5,"") | E35: Parties prenantes impliquées systématiquement et proactivement.
C36: 2. | D36: =AVERAGE(D38,D44,D50,D56,D62) -> 3 | E36: Architecture Practice Process Method Capability
E37: Standardiser les pratiques pour produire des résultats reproductibles et cohérents
D38: =SUM(D39:D43) -> 2 | E38: 2Q1. Une méthodologie d’architecture (TOGAF, Zachman ou autre) est-elle adoptée et adaptée au contexte ?
C39: FALSE | D39: =IF(C39=TRUE,1,"") | E39: Aucune méthodologie formelle d’architecture n’a été identifiée ou utilisée.
C40: TRUE | D40: =IF(C40=TRUE,2,"") -> 2 | E40: Une méthodologie est envisagée mais pas encore formalisée ; quelques architectes l’appliquent ponctuellement.
C41: FALSE | D41: =IF(C41=TRUE,3,"") | E41: Une méthodologie est définie mais son application varie d’un projet à l’autre, sans standardisation.
C42: FALSE | D42: =IF(C42=TRUE,4,"") | E42: Une méthodologie est adoptée, adaptée au contexte, et utilisée régulièrement sur la plupart des projets.
C43: FALSE | D43: =IF(C43=TRUE,5,"") | E43: La méthodologie est totalement intégrée, adaptée en continu, et soutenue par des formations et des guides pratiques.
D44: =SUM(D45:D49) -> 3 | E44: 2Q2. Les étapes et les livrables du processus d’architecture sont-ils clairement définis ?
C45: FALSE | D45: =IF(C45=TRUE,1,"") | E45: Aucun processus ni livrable défini. Chaque architecte fait selon ses habitudes.
C46: FALSE | D46: =IF(C46=TRUE,2,"") | E46: Quelques livrables sont définis mais pas alignés avec un processus structuré.
C47: TRUE | D47: =IF(C47=TRUE,3,"") -> 3 | E47: Les étapes et les livrables sont définis mais pas systématiquement appliqués.
C48: FALSE | D48: =IF(C48=TRUE,4,"") | E48: Les étapes et les livrables sont définis, normalisés et connus des équipes.
C49: FALSE | D49: =IF(C49=TRUE,5,"") | E49: Les étapes et les livrables sont standardisés, adaptés selon le contexte projet et audités régulièrement.
D50: =SUM(D51:D55) -> 4 | E50: 2Q3. Les architectes appliquent-ils systématiquement la méthodologie définie ?
C51: FALSE | D51: =IF(C51=TRUE,1,"") | E51: La méthodologie est rarement ou jamais appliquée.
C52: FALSE | D52: =IF(C52=TRUE,2,"") | E52: Application occasionnelle selon les projets ou les préférences individuelles.
C53: FALSE | D53: =IF(C53=TRUE,3,"") | E53: Application partielle, sans réelle homogénéité entre les projets.
C54: TRUE | D54: =IF(C54=TRUE,4,"") -> 4 | E54: Méthodologie appliquée de façon cohérente par la plupart des architectes.
C55: FALSE | D55: =IF(C55=TRUE,5,"") | E55: Méthodologie appliquée systématiquement, avec contrôle qualité et amélioration continue.
D56: =SUM(D57:D61) -> 4 | E56: 2Q4. Les parties prenantes connaissent-elles et comprennent-elles le processus d’architecture ?
C57: FALSE | D57: =IF(C57=TRUE,1,"") | E57: Les parties prenantes ne sont pas informées de l’existence d’un processus d’architecture.
C58: FALSE | D58: =IF(C58=TRUE,2,"") | E58: Communication ponctuelle, limitée à quelques projets pilotes.
C59: FALSE | D59: =IF(C59=TRUE,3,"") | E59: Communication existante mais compréhension inégale parmi les parties prenantes.
C60: TRUE | D60: =IF(C60=TRUE,4,"") -> 4 | E60: Parties prenantes informées et impliquées, comprennent les principales étapes du processus.
C61: FALSE | D61: =IF(C61=TRUE,5,"") | E61: Parties prenantes engagées et collaboratives, capables de contribuer activement au processus.
D62: =SUM(D63:D67) -> 2 | E62: 2Q5. Le processus d’architecture est-il revu et amélioré régulièrement ?
C63: FALSE | D63: =IF(C63=TRUE,1,"") | E63: Aucun processus de revue ou d’amélioration n’est en place.
C64: TRUE | D64: =IF(C64=TRUE,2,"") -> 2 | E64: Réflexion en cours pour améliorer le processus mais sans mise en œuvre concrète.
C65: FALSE | D65: =IF(C65=TRUE,3,"") | E65: Amélioration ponctuelle du processus sur retour d’expérience, mais non systématique.
C66: FALSE | D66: =IF(C66=TRUE,4,"") | E66: Processus révisé périodiquement à partir des retours d’expérience.
C67: FALSE | D67: =IF(C67=TRUE,5,"") | E67: Processus d’architecture intégré à un cycle d’amélioration continue, avec indicateurs et mise à jour régulière.
C68: 3. | D68: =AVERAGE(D70,D76,D82,D88,D94) -> 1.8 | E68: Business & IT Strategy Linkage Capability
E69: S’assurer que l’architecture soutient réellement les besoins métiers
D70: =SUM(D71:D75) -> 2 | E70: 3Q1. L’architecture est-elle alignée avec la stratégie métier de l’organisation ?
C71: FALSE | D71: =IF(C71=TRUE,1,"") | E71: Aucun alignement entre l’architecture et la stratégie métier.
C72: TRUE | D72: =IF(C72=TRUE,2,"") -> 2 | E72: Alignement en réflexion mais pas encore formalisé.
C73: FALSE | D73: =IF(C73=TRUE,3,"") | E73: Alignement partiel mais manque de cohérence.
C74: FALSE | D74: =IF(C74=TRUE,4,"") | E74: Alignement opérationnel avec la stratégie métier.
C75: FALSE | D75: =IF(C75=TRUE,5,"") | E75: Alignement stratégique parfaitement intégré aux processus d’architecture.
D76: =SUM(D77:D81) -> 2 | E76: 3Q2. Les besoins métiers sont-ils systématiquement intégrés dans les décisions d’architecture ?
C77: FALSE | D77: =IF(C77=TRUE,1,"") | E77: Les besoins métiers ne sont pas pris en compte.
C78: TRUE | D78: =IF(C78=TRUE,2,"") -> 2 | E78: Intégration ponctuelle des besoins métiers.
C79: FALSE | D79: =IF(C79=TRUE,3,"") | E79: Intégration variable selon les projets.
C80: FALSE | D80: =IF(C80=TRUE,4,"") | E80: Intégration régulière des besoins métiers dans les décisions.
C81: FALSE | D81: =IF(C81=TRUE,5,"") | E81: Intégration des besoins métiers systématique et priorisée.
D82: =SUM(D83:D87) -> 2 | E82: 3Q3. Les projets stratégiques sont-ils priorisés en fonction de leur alignement avec l’architecture cible ?
C83: FALSE | D83: =IF(C83=TRUE,1,"") | E83: Aucune priorisation stratégique des projets.
C84: TRUE | D84: =IF(C84=TRUE,2,"") -> 2 | E84: Priorisation au cas par cas sans vision stratégique.
C85: FALSE | D85: =IF(C85=TRUE,3,"") | E85: Priorisation existante mais non systématique.
C86: FALSE | D86: =IF(C86=TRUE,4,"") | E86: Priorisation stratégique des projets en place.
C87: FALSE | D87: =IF(C87=TRUE,5,"") | E87: Priorisation basée sur la valeur métier et la stratégie.
D88: =SUM(D89:D93) -> 2 | E88: 3Q4. Les capacités métier sont-elles cartographiées et utilisées pour orienter les choix d’architecture ?
C89: FALSE | D89: =IF(C89=TRUE,1,"") | E89: Aucune cartographie des capacités métier.
C90: TRUE | D90: =IF(C90=TRUE,2,"") -> 2 | E90: Cartographie embryonnaire ou incomplète.
C91: FALSE | D91: =IF(C91=TRUE,3,"") | E91: Cartographie des capacités métier partiellement exploitée.
C92: FALSE | D92: =IF(C92=TRUE,4,"") | E92: Cartographie des capacités métier utilisée pour orienter les choix.
C93: FALSE | D93: =IF(C93=TRUE,5,"") | E93: Cartographie des capacités métier utilisée comme référence stratégique.
D94: =SUM(D95:D99) -> 1 | E94: 3Q5. Les parties prenantes métiers sont-elles impliquées dans la définition des priorités d’architecture ?
C95: TRUE | D95: =IF(C95=TRUE,1,"") -> 1 | E95: Les parties prenantes métiers sont absentes des discussions.
C96: FALSE | D96: =IF(C96=TRUE,2,"") | E96: Les parties prenantes métiers sont consultées de manière ponctuelle.
C97: FALSE | D97: =IF(C97=TRUE,3,"") | E97: Les parties prenantes métiers participent mais sans rôle décisionnel.
C98: FALSE | D98: =IF(C98=TRUE,4,"") | E98: Les parties prenantes métiers sont impliquées et consultées régulièrement.
C99: FALSE | D99: =IF(C99=TRUE,5,"") | E99: Les parties prenantes métiers participent activement et influencent les décisions.
C100: 4. | D100: =AVERAGE(D102,D108,D114,D120,D126) -> 2.6 | E100: Communication Capability
E101: Favoriser l’adhésion et la compréhension de l’architecture
...

Sheet Synthèse Résultats
B1: Résultats :
B4: ARCHITECTURE CAPABILITIES | D4: =AVERAGE(D5,D7,D9,D11,D13,D15,D17,D19,D21) -> 2.7777778
A5: =Questionnaire!E4 -> Architecture Governance Capability | B5: {=_xlfn.TEXTSPLIT(A5," Capability")} -> Architecture Governance | D5: =Questionnaire!D4 -> 3.6
B6: Assurer la cohérence des transformations et limiter les dérives
A7: =Questionnaire!E36 -> Architecture Practice Process Method Capability | B7: {=_xlfn.TEXTSPLIT(A7," Capability")} -> Architecture Practice Process Method | D7: =Questionnaire!D36 -> 3
B8: Standardiser les pratiques pour produire des résultats reproductibles et cohérents
A9: =Questionnaire!E68 -> Business & IT Strategy Linkage Capability | B9: {=_xlfn.TEXTSPLIT(A9," Capability")} -> Business & IT Strategy Linkage | D9: =Questionnaire!D68 -> 1.8
B10: S’assurer que l’architecture soutient réellement les besoins métiers
A11: =Questionnaire!E100 -> Communication Capability | B11: {=_xlfn.TEXTSPLIT(A11," Capability")} -> Communication | D11: =Questionnaire!D100 -> 2.6
B12: Favoriser l’adhésion et la compréhension de l’architecture
A13: =Questionnaire!E132 -> Tools & Repository Capability | B13: {=_xlfn.TEXTSPLIT(A13," Capability")} -> Tools & Repository | D13: =Questionnaire!D132 -> 3
B14: Structurer et capitaliser les connaissances en architecture
A15: =Questionnaire!E164 -> People and Team Capability | B15: {=_xlfn.TEXTSPLIT(A15," Capability")} -> People and Team | D15: =Questionnaire!D164 -> 1.4
B16: Disposer des bonnes ressources pour porter l’architecture
A17: =Questionnaire!E196 -> Architecture Content & Deliverables Capability | B17: {=_xlfn.TEXTSPLIT(A17," Capability")} -> Architecture Content & Deliverables | D17: =Questionnaire!D196 -> 4
B18: Apporter de la valeur aux parties prenantes grâce à des livrables clairs et actionnables
A19: =Questionnaire!E228 -> Architecture Metrics Measurement Capability | B19: {=_xlfn.TEXTSPLIT(A19," Capability")} -> Architecture Metrics Measurement | D19: =Questionnaire!D228 -> 2.2
B20: Piloter la performance de l’architecture et démontrer sa valeur
A21: =Questionnaire!E260 -> Organisational Capability | B21: {=_xlfn.TEXTSPLIT(A21," Capability")} -> Organisational | D21: =Questionnaire!D260 -> 3.4
B22: La capacité de l’organisation à soutenir et institutionnaliser l’architecture d’entreprise dans sa gouvernance globale
B24: Les grandes entreprises se situent en général entre 3,5 et 4 points en moyenne de maturité

Sheet Urgent
C2: Axes à traiter en urgence (Notes inférieures à 2) | D2: Note
C3: =Questionnaire!E4 -> Architecture Governance Capability | D3: =Questionnaire!D4 -> 3.6
C4: =Questionnaire!E5 -> Assurer la cohérence des transformations et limiter les dérives | D4: =Questionnaire!D5 -> 0
B5: =VLOOKUP(C5,Recherche!$B$2:$E$226,4) -> 1. Architecture Governance Capability | C5: =Questionnaire!E6 -> 1Q1. Existe-t-il une gouvernance d’architecture clairement définie (comité d’architecture, processus de validation, etc.) ? | D5: =Questionnaire!D6 -> 2
C6: =Questionnaire!E7 -> Aucun comité d’architecture ni processus formel ; décisions au cas par cas. | D6: =Questionnaire!D7
C7: =Questionnaire!E8 -> Un comité est envisagé mais pas encore actif ; peu de formalisation. | D7: =Questionnaire!D8 -> 2
C8: =Questionnaire!E9 -> Comité existant avec rôles flous et gouvernance immature. | D8: =Questionnaire!D9
C9: =Questionnaire!E10 -> Comité d’architecture bien défini, processus documenté et suivi. | D9: =Questionnaire!D10
C10: =Questionnaire!E11 -> Gouvernance totalement intégrée et pilotée de façon stratégique. | D10: =Questionnaire!D11
C11: =Questionnaire!E12 -> 1Q2. Les principes et standards d’architecture sont-ils documentés et appliqués de façon cohérente ? | D11: =Questionnaire!D12 -> 4
C12: =Questionnaire!E13 -> Aucun principe ni standard défini. | D12: =Questionnaire!D13
C13: =Questionnaire!E14 -> Principes en cours de rédaction, non appliqués systématiquement. | D13: =Questionnaire!D14
C14: =Questionnaire!E15 -> Principes définis mais appliqués de façon variable. | D14: =Questionnaire!D15
C15: =Questionnaire!E16 -> Principes formalisés, communiqués et appliqués régulièrement. | D15: =Questionnaire!D16 -> 4
C16: =Questionnaire!E17 -> Principes intégrés aux processus projets, suivis et améliorés. | D16: =Questionnaire!D17
C17: =Questionnaire!E18 -> 1Q3. Les dérogations ou exceptions sont-elles formellement gérées et suivies ? | D17: =Questionnaire!D18 -> 3
... C36: =Questionnaire!E37 -> Standardiser les pratiques pour produire des résultats reproductibles et cohérents | D36: =Questionnaire!D37 -> 0
B37: =VLOOKUP(C37,Recherche!$B$2:$E$226,4) -> 2. Architecture Practice Process Method Capability | C37: =Questionnaire!E38 -> 2Q1. Une méthodologie d’architecture (TOGAF, Zachman ou autre) est-elle adoptée et adaptée au contexte ? | D37: =Questionnaire!D38 -> 2
C38: =Questionnaire!E39 -> Aucune méthodologie formelle d’architecture n’a été identifiée ou utilisée. | D38: =Questionnaire!D39
C39: =Questionnaire!E40 -> Une méthodologie est envisagée mais pas encore formalisée ; quelques architectes l’appliquent ponctuellement. | D39: =Questionnaire!D40 -> 2
C40: =Questionnaire!E41 -> Une méthodologie est définie mais son application varie d’un projet à l’autre, sans standardisation. | D40: =Questionnaire!D41
C41: =Questionnaire!E42 -> Une méthodologie est adoptée, adaptée au contexte, et utilisée régulièrement sur la plupart des projets. | D41: =Questionnaire!D42
C42: =Questionnaire!E43 -> La méthodologie est totalement intégrée, adaptée en continu, et soutenue par des formations et des guides pratiques. | D42: =Questionnaire!D43
C43: =Questionnaire!E44 -> 2Q2. Les étapes et les livrables du processus d’architecture sont-ils clairement définis ? | D43: =Questionnaire!D44 -> 3
C44: =Questionnaire!E45 -> Aucun processus ni livrable défini. Chaque architecte fait selon ses habitudes. | D44: =Questionnaire!D45
C45: =Questionnaire!E46 -> Quelques livrables sont définis mais pas alignés avec un processus structuré. | D45: =Questionnaire!D46
C46: =Questionnaire!E47 -> Les étapes et les livrables sont définis mais pas systématiquement appliqués. | D46: =Questionnaire!D47 -> 3
C47: =Questionnaire!E48 -> Les étapes et les livrables sont définis, normalisés et connus des équipes. | D47: =Questionnaire!D48
C48: =Questionnaire!E49 -> Les étapes et les livrables sont standardisés, adaptés selon le contexte projet et audités régulièrement. | D48: =Questionnaire!D49
C49: =Questionnaire!E50 -> 2Q3. Les architectes appliquent-ils systématiquement la méthodologie définie ? | D49: =Questionnaire!D50 -> 4
... C68: =Questionnaire!E69 -> S’assurer que l’architecture soutient réellement les besoins métiers | D68: =Questionnaire!D69 -> 0
B69: =VLOOKUP(C69,Recherche!$B$2:$E$226,4) -> 3. Business & IT Strategy Linkage Capability | C69: =Questionnaire!E70 -> 3Q1. L’architecture est-elle alignée avec la stratégie métier de l’organisation ? | D69: =Questionnaire!D70 -> 2
C70: =Questionnaire!E71 -> Aucun alignement entre l’architecture et la stratégie métier. | D70: =Questionnaire!D71
C71: =Questionnaire!E72 -> Alignement en réflexion mais pas encore formalisé. | D71: =Questionnaire!D72 -> 2
C72: =Questionnaire!E73 -> Alignement partiel mais manque de cohérence. | D72: =Questionnaire!D73
C73: =Questionnaire!E74 -> Alignement opérationnel avec la stratégie métier. | D73: =Questionnaire!D74
C74: =Questionnaire!E75 -> Alignement stratégique parfaitement intégré aux processus d’architecture. | D74: =Questionnaire!D75
C75: =Questionnaire!E76 -> 3Q2. Les besoins métiers sont-ils systématiquement intégrés dans les décisions d’architecture ? | D75: =Questionnaire!D76 -> 2
C76: =Questionnaire!E77 -> Les besoins métiers ne sont pas pris en compte. | D76: =Questionnaire!D77
C77: =Questionnaire!E78 -> Intégration ponctuelle des besoins métiers. | D77: =Questionnaire!D78 -> 2
C78: =Questionnaire!E79 -> Intégration variable selon les projets. | D78: =Questionnaire!D79
C79: =Questionnaire!E80 -> Intégration régulière des besoins métiers dans les décisions. | D79: =Questionnaire!D80
C80: =Questionnaire!E81 -> Intégration des besoins métiers systématique et priorisée. | D80: =Questionnaire!D81
C81: =Questionnaire!E82 -> 3Q3. Les projets stratégiques sont-ils priorisés en fonction de leur alignement avec l’architecture cible ? | D81: =Questionnaire!D82 -> 2
... C100: =Questionnaire!E101 -> Favoriser l’adhésion et la compréhension de l’architecture | D100: =Questionnaire!D101 -> 0
B101: =VLOOKUP(C101,Recherche!$B$2:$E$226,4) -> 4. Communication Capability | C101: =Questionnaire!E102 -> 4Q1. Les concepts d’architecture sont-ils vulgarisés pour les rendre accessibles aux parties prenantes ? | D101: =Questionnaire!D102 -> 3
C102: =Questionnaire!E103 -> Aucune communication autour de l’architecture. | D102: =Questionnaire!D103
C103: =Questionnaire!E104 -> Communication ponctuelle et limitée. | D103: =Questionnaire!D104
C104: =Questionnaire!E105 -> Communication existante mais inégale. | D104: =Questionnaire!D105 -> 3
C105: =Questionnaire!E106 -> Communication régulière et adaptée. | D105: =Questionnaire!D106
C106: =Questionnaire!E107 -> Communication institutionnalisée, planifiée et proactive. | D106: =Questionnaire!D107
C107: =Questionnaire!E108 -> 4Q2. Les architectes sont-ils capables d’animer des ateliers et des réunions efficaces ? | D107: =Questionnaire!D108 -> 3
C108: =Questionnaire!E109 -> Aucune animation d’atelier ni réunion efficace. | D108: =Questionnaire!D109
C109: =Questionnaire!E110 -> Animation d’atelier occasionnelle et peu structurée. | D109: =Questionnaire!D110
C110: =Questionnaire!E111 -> Animation d’ateliers variable selon les projets. | D110: =Questionnaire!D111 -> 3
C111: =Questionnaire!E112 -> Animation d’ateliers efficace et interactive. | D111: =Questionnaire!D112
C112: =Questionnaire!E113 -> Animation d’ateliers et réunions exemplaires. | D112: =Questionnaire!D113
C113: =Questionnaire!E114 -> 4Q3. Des supports de communication adaptés (présentations, synthèses, etc.) sont-ils produits régulièrement ? | D113: =Questionnaire!D114 -> 2
... C132: =Questionnaire!E133 -> Structurer et capitaliser les connaissances en architecture | D132: =Questionnaire!D133 -> 0
B133: =VLOOKUP(C133,Recherche!$B$2:$E$226,4) -> 5. Tools & Repository Capability | C133: =Questionnaire!E134 -> 5Q1. Disposez-vous d’un outil d’architecture partagé et accessible à tous les architectes ? | D133: =Questionnaire!D134 -> 3
C134: =Questionnaire!E135 -> Aucun outil d’architecture n’est utilisé. | D134: =Questionnaire!D135
C135: =Questionnaire!E136 -> Un outil est envisagé mais son utilisation est limitée. | D135: =Questionnaire!D136
C136: =Questionnaire!E137 -> Outil disponible mais son usage n’est pas homogène. | D136: =Questionnaire!D137 -> 3
C137: =Questionnaire!E138 -> Outil d’architecture partagé et bien utilisé. | D137: =Questionnaire!D138
C138: =Questionnaire!E139 -> Outil d’architecture totalement intégré à l’écosystème numérique. | D138: =Questionnaire!D139
C139: =Questionnaire!E140 -> 5Q2. Les modèles d’architecture sont-ils centralisés et à jour dans un référentiel unique ? | D139: =Questionnaire!D140 -> 4
C140: =Questionnaire!E141 -> Les modèles d’architecture sont dispersés et non centralisés. | D140: =Questionnaire!D141
C141: =Questionnaire!E142 -> Les modèles sont regroupés partiellement, sans mise à jour. | D141: =Questionnaire!D142
C142: =Questionnaire!E143 -> Modèles centralisés mais mis à jour de manière irrégulière. | D142: =Questionnaire!D143
C143: =Questionnaire!E144 -> Modèles centralisés, à jour et accessibles. | D143: =Questionnaire!D144 -> 4
C144: =Questionnaire!E145 -> Modèles complets, mis à jour en temps réel et exploités activement. | D144: =Questionnaire!D145
C145: =Questionnaire!E146 -> 5Q3. L’outil d’architecture est-il utilisé de manière cohérente et normalisée ? | D145: =Questionnaire!D146 -> 3
... C164: =Questionnaire!E165 -> Disposer des bonnes ressources pour porter l’architecture | D164: =Questionnaire!D165 -> 0
B165: =VLOOKUP(C165,Recherche!$B$2:$E$226,4) -> 6. People and Team Capability | C165: =Questionnaire!E166 -> 6Q1. Disposez-vous d’une équipe d’architectes clairement identifiée et dotée de rôles définis ? | D165: =Questionnaire!D166 -> 1
C166: =Questionnaire!E167 -> Pas d’équipe d’architectes identifiée ni de rôles définis. | D166: =Questionnaire!D167 -> 1
C167: =Questionnaire!E168 -> Définition des rôles embryonnaire ou partielle. | D167: =Questionnaire!D168
C168: =Questionnaire!E169 -> Rôles définis mais manque de clarté ou d’homogénéité. | D168: =Questionnaire!D169
C169: =Questionnaire!E170 -> Rôles bien définis et connus de l’organisation. | D169: =Questionnaire!D170
C170: =Questionnaire!E171 -> Rôles définis, connus et intégrés dans la gouvernance. | D170: =Questionnaire!D171
C171: =Questionnaire!E172 -> 6Q2. Les compétences de l’équipe sont-elles alignées avec les besoins de l’organisation ? | D171: =Questionnaire!D172 -> 1
C172: =Questionnaire!E173 -> Compétences non alignées avec les besoins de l’organisation. | D172: =Questionnaire!D173 -> 1
C173: =Questionnaire!E174 -> Compétences partiellement alignées, lacunes importantes. | D173: =Questionnaire!D174
C174: =Questionnaire!E175 -> Compétences globalement alignées mais à renforcer. | D174: =Questionnaire!D175
C175: =Questionnaire!E176 -> Compétences alignées et plan de formation adapté. | D175: =Questionnaire!D176
C176: =Questionnaire!E177 -> Compétences stratégiques alignées et en constante évolution. | D176: =Questionnaire!D177
C177: =Questionnaire!E178 -> 6Q3. Un plan de formation et de développement des compétences est-il mis en place ? | D177: =Questionnaire!D178 -> 1
... C196: =Questionnaire!E197 -> Apporter de la valeur aux parties prenantes grâce à des livrables clairs et actionnables | D196: =Questionnaire!D197 -> 0
B197: =VLOOKUP(C197,Recherche!$B$2:$E$226,4) -> 7. Architecture Content & Deliverables Capability | C197: =Questionnaire!E198 -> 7Q1. Les livrables d’architecture (cartographies, modèles, roadmaps) sont-ils produits systématiquement ? | D197: =Questionnaire!D198 -> 4
C198: =Questionnaire!E199 -> Aucun livrable d’architecture produit. | D198: =Questionnaire!D199
C199: =Questionnaire!E200 -> Livrables ponctuels et limités à quelques projets. | D199: =Questionnaire!D200
C200: =Questionnaire!E201 -> Livrables produits mais qualité et usage variables. | D200: =Questionnaire!D201
C201: =Questionnaire!E202 -> Livrables produits systématiquement et réutilisables. | D201: =Questionnaire!D202 -> 4
C202: =Questionnaire!E203 -> Livrables produits systématiquement, standardisés et automatisés. | D202: =Questionnaire!D203
C203: =Questionnaire!E204 -> 7Q2. Les livrables sont-ils compréhensibles et exploitables par les parties prenantes ? | D203: =Questionnaire!D204 -> 4
C204: =Questionnaire!E205 -> Livrables inexistants ou inutilisables. | D204: =Questionnaire!D205
C205: =Questionnaire!E206 -> Livrables peu clairs ou incomplets. | D205: =Questionnaire!D206
C206: =Questionnaire!E207 -> Livrables compréhensibles mais perfectibles. | D206: =Questionnaire!D207
C207: =Questionnaire!E208 -> Livrables clairs et adaptés aux besoins des parties prenantes. | D207: =Questionnaire!D208 -> 4
C208: =Questionnaire!E209 -> Livrables exemplaires et adaptés à tous les usages. | D208: =Questionnaire!D209
C209: =Questionnaire!E210 -> 7Q3. Les livrables sont-ils tenus à jour et adaptés aux besoins des projets ? | D209: =Questionnaire!D210 -> 4
...

Sheet A améliorer
C2: Axes à traiter à court terme (Notes <3 et >=2) | D2: Note
C3: =Questionnaire!E4 -> Architecture Governance Capability | D3: =Questionnaire!D4 -> 3.6
C4: =Questionnaire!E5 -> Assurer la cohérence des transformations et limiter les dérives | D4: =Questionnaire!D5 -> 0
B5: =VLOOKUP(C5,Recherche!$B$2:$E$226,4) -> 1. Architecture Governance Capability | C5: =Questionnaire!E6 -> 1Q1. Existe-t-il une gouvernance d’architecture clairement définie (comité d’architecture, processus de validation, etc.) ? | D5: =Questionnaire!D6 -> 2
C6: =Questionnaire!E7 -> Aucun comité d’architecture ni processus formel ; décisions au cas par cas. | D6: =Questionnaire!D7
C7: =Questionnaire!E8 -> Un comité est envisagé mais pas encore actif ; peu de formalisation. | D7: =Questionnaire!D8 -> 2
C8: =Questionnaire!E9 -> Comité existant avec rôles flous et gouvernance immature. | D8: =Questionnaire!D9
C9: =Questionnaire!E10 -> Comité d’architecture bien défini, processus documenté et suivi. | D9: =Questionnaire!D10
C10: =Questionnaire!E11 -> Gouvernance totalement intégrée et pilotée de façon stratégique. | D10: =Questionnaire!D11
C11: =Questionnaire!E12 -> 1Q2. Les principes et standards d’architecture sont-ils documentés et appliqués de façon cohérente ? | D11: =Questionnaire!D12 -> 4
C12: =Questionnaire!E13 -> Aucun principe ni standard défini. | D12: =Questionnaire!D13
C13: =Questionnaire!E14 -> Principes en cours de rédaction, non appliqués systématiquement. | D13: =Questionnaire!D14
C14: =Questionnaire!E15 -> Principes définis mais appliqués de façon variable. | D14: =Questionnaire!D15
C15: =Questionnaire!E16 -> Principes formalisés, communiqués et appliqués régulièrement. | D15: =Questionnaire!D16 -> 4
C16: =Questionnaire!E17 -> Principes intégrés aux processus projets, suivis et améliorés. | D16: =Questionnaire!D17
C17: =Questionnaire!E18 -> 1Q3. Les dérogations ou exceptions sont-elles formellement gérées et suivies ? | D17: =Questionnaire!D18 -> 3
... C36: =Questionnaire!E37 -> Standardiser les pratiques pour produire des résultats reproductibles et cohérents | D36: =Questionnaire!D37 -> 0
B37: =VLOOKUP(C37,Recherche!$B$2:$E$226,4) -> 2. Architecture Practice Process Method Capability | C37: =Questionnaire!E38 -> 2Q1. Une méthodologie d’architecture (TOGAF, Zachman ou autre) est-elle adoptée et adaptée au contexte ? | D37: =Questionnaire!D38 -> 2
C38: =Questionnaire!E39 -> Aucune méthodologie formelle d’architecture n’a été identifiée ou utilisée. | D38: =Questionnaire!D39
C39: =Questionnaire!E40 -> Une méthodologie est envisagée mais pas encore formalisée ; quelques architectes l’appliquent ponctuellement. | D39: =Questionnaire!D40 -> 2
C40: =Questionnaire!E41 -> Une méthodologie est définie mais son application varie d’un projet à l’autre, sans standardisation. | D40: =Questionnaire!D41
C41: =Questionnaire!E42 -> Une méthodologie est adoptée, adaptée au contexte, et utilisée régulièrement sur la plupart des projets. | D41: =Questionnaire!D42
C42: =Questionnaire!E43 -> La méthodologie est totalement intégrée, adaptée en continu, et soutenue par des formations et des guides pratiques. | D42: =Questionnaire!D43
C43: =Questionnaire!E44 -> 2Q2. Les étapes et les livrables du processus d’architecture sont-ils clairement définis ? | D43: =Questionnaire!D44 -> 3
C44: =Questionnaire!E45 -> Aucun processus ni livrable défini. Chaque architecte fait selon ses habitudes. | D44: =Questionnaire!D45
C45: =Questionnaire!E46 -> Quelques livrables sont définis mais pas alignés avec un processus structuré. | D45: =Questionnaire!D46
C46: =Questionnaire!E47 -> Les étapes et les livrables sont définis mais pas systématiquement appliqués. | D46: =Questionnaire!D47 -> 3
C47: =Questionnaire!E48 -> Les étapes et les livrables sont définis, normalisés et connus des équipes. | D47: =Questionnaire!D48
C48: =Questionnaire!E49 -> Les étapes et les livrables sont standardisés, adaptés selon le contexte projet et audités régulièrement. | D48: =Questionnaire!D49
C49: =Questionnaire!E50 -> 2Q3. Les architectes appliquent-ils systématiquement la méthodologie définie ? | D49: =Questionnaire!D50 -> 4
... C68: =Questionnaire!E69 -> S’assurer que l’architecture soutient réellement les besoins métiers | D68: =Questionnaire!D69 -> 0
B69: =VLOOKUP(C69,Recherche!$B$2:$E$226,4) -> 3. Business & IT Strategy Linkage Capability | C69: =Questionnaire!E70 -> 3Q1. L’architecture est-elle alignée avec la stratégie métier de l’organisation ? | D69: =Questionnaire!D70 -> 2
C70: =Questionnaire!E71 -> Aucun alignement entre l’architecture et la stratégie métier. | D70: =Questionnaire!D71
C71: =Questionnaire!E72 -> Alignement en réflexion mais pas encore formalisé. | D71: =Questionnaire!D72 -> 2
C72: =Questionnaire!E73 -> Alignement partiel mais manque de cohérence. | D72: =Questionnaire!D73
C73: =Questionnaire!E74 -> Alignement opérationnel avec la stratégie métier. | D73: =Questionnaire!D74
C74: =Questionnaire!E75 -> Alignement stratégique parfaitement intégré aux processus d’architecture. | D74: =Questionnaire!D75
C75: =Questionnaire!E76 -> 3Q2. Les besoins métiers sont-ils systématiquement intégrés dans les décisions d’architecture ? | D75: =Questionnaire!D76 -> 2
C76: =Questionnaire!E77 -> Les besoins métiers ne sont pas pris en compte. | D76: =Questionnaire!D77
C77: =Questionnaire!E78 -> Intégration ponctuelle des besoins métiers. | D77: =Questionnaire!D78 -> 2
C78: =Questionnaire!E79 -> Intégration variable selon les projets. | D78: =Questionnaire!D79
C79: =Questionnaire!E80 -> Intégration régulière des besoins métiers dans les décisions. | D79: =Questionnaire!D80
C80: =Questionnaire!E81 -> Intégration des besoins métiers systématique et priorisée. | D80: =Questionnaire!D81
C81: =Questionnaire!E82 -> 3Q3. Les projets stratégiques sont-ils priorisés en fonction de leur alignement avec l’architecture cible ? | D81: =Questionnaire!D82 -> 2
... C100: =Questionnaire!E101 -> Favoriser l’adhésion et la compréhension de l’architecture | D100: =Questionnaire!D101 -> 0
B101: =VLOOKUP(C101,Recherche!$B$2:$E$226,4) -> 4. Communication Capability | C101: =Questionnaire!E102 -> 4Q1. Les concepts d’architecture sont-ils vulgarisés pour les rendre accessibles aux parties prenantes ? | D101: =Questionnaire!D102 -> 3
C102: =Questionnaire!E103 -> Aucune communication autour de l’architecture. | D102: =Questionnaire!D103
C103: =Questionnaire!E104 -> Communication ponctuelle et limitée. | D103: =Questionnaire!D104
C104: =Questionnaire!E105 -> Communication existante mais inégale. | D104: =Questionnaire!D105 -> 3
C105: =Questionnaire!E106 -> Communication régulière et adaptée. | D105: =Questionnaire!D106
C106: =Questionnaire!E107 -> Communication institutionnalisée, planifiée et proactive. | D106: =Questionnaire!D107
C107: =Questionnaire!E108 -> 4Q2. Les architectes sont-ils capables d’animer des ateliers et des réunions efficaces ? | D107: =Questionnaire!D108 -> 3
C108: =Questionnaire!E109 -> Aucune animation d’atelier ni réunion efficace. | D108: =Questionnaire!D109
C109: =Questionnaire!E110 -> Animation d’atelier occasionnelle et peu structurée. | D109: =Questionnaire!D110
C110: =Questionnaire!E111 -> Animation d’ateliers variable selon les projets. | D110: =Questionnaire!D111 -> 3
C111: =Questionnaire!E112 -> Animation d’ateliers efficace et interactive. | D111: =Questionnaire!D112
C112: =Questionnaire!E113 -> Animation d’ateliers et réunions exemplaires. | D112: =Questionnaire!D113
C113: =Questionnaire!E114 -> 4Q3. Des supports de communication adaptés (présentations, synthèses, etc.) sont-ils produits régulièrement ? | D113: =Questionnaire!D114 -> 2
... C132: =Questionnaire!E133 -> Structurer et capitaliser les connaissances en architecture | D132: =Questionnaire!D133 -> 0
B133: =VLOOKUP(C133,Recherche!$B$2:$E$226,4) -> 5. Tools & Repository Capability | C133: =Questionnaire!E134 -> 5Q1. Disposez-vous d’un outil d’architecture partagé et accessible à tous les architectes ? | D133: =Questionnaire!D134 -> 3
C134: =Questionnaire!E135 -> Aucun outil d’architecture n’est utilisé. | D134: =Questionnaire!D135
C135: =Questionnaire!E136 -> Un outil est envisagé mais son utilisation est limitée. | D135: =Questionnaire!D136
C136: =Questionnaire!E137 -> Outil disponible mais son usage n’est pas homogène. | D136: =Questionnaire!D137 -> 3
C137: =Questionnaire!E138 -> Outil d’architecture partagé et bien utilisé. | D137: =Questionnaire!D138
C138: =Questionnaire!E139 -> Outil d’architecture totalement intégré à l’écosystème numérique. | D138: =Questionnaire!D139
C139: =Questionnaire!E140 -> 5Q2. Les modèles d’architecture sont-ils centralisés et à jour dans un référentiel unique ? | D139: =Questionnaire!D140 -> 4
C140: =Questionnaire!E141 -> Les modèles d’architecture sont dispersés et non centralisés. | D140: =Questionnaire!D141
C141: =Questionnaire!E142 -> Les modèles sont regroupés partiellement, sans mise à jour. | D141: =Questionnaire!D142
C142: =Questionnaire!E143 -> Modèles centralisés mais mis à jour de manière irrégulière. | D142: =Questionnaire!D143
C143: =Questionnaire!E144 -> Modèles centralisés, à jour et accessibles. | D143: =Questionnaire!D144 -> 4
C144: =Questionnaire!E145 -> Modèles complets, mis à jour en temps réel et exploités activement. | D144: =Questionnaire!D145
C145: =Questionnaire!E146 -> 5Q3. L’outil d’architecture est-il utilisé de manière cohérente et normalisée ? | D145: =Questionnaire!D146 -> 3
... C164: =Questionnaire!E165 -> Disposer des bonnes ressources pour porter l’architecture | D164: =Questionnaire!D165 -> 0
B165: =VLOOKUP(C165,Recherche!$B$2:$E$226,4) -> 6. People and Team Capability | C165: =Questionnaire!E166 -> 6Q1. Disposez-vous d’une équipe d’architectes clairement identifiée et dotée de rôles définis ? | D165: =Questionnaire!D166 -> 1
C166: =Questionnaire!E167 -> Pas d’équipe d’architectes identifiée ni de rôles définis. | D166: =Questionnaire!D167 -> 1
C167: =Questionnaire!E168 -> Définition des rôles embryonnaire ou partielle. | D167: =Questionnaire!D168
C168: =Questionnaire!E169 -> Rôles définis mais manque de clarté ou d’homogénéité. | D168: =Questionnaire!D169
C169: =Questionnaire!E170 -> Rôles bien définis et connus de l’organisation. | D169: =Questionnaire!D170
C170: =Questionnaire!E171 -> Rôles définis, connus et intégrés dans la gouvernance. | D170: =Questionnaire!D171
C171: =Questionnaire!E172 -> 6Q2. Les compétences de l’équipe sont-elles alignées avec les besoins de l’organisation ? | D171: =Questionnaire!D172 -> 1
C172: =Questionnaire!E173 -> Compétences non alignées avec les besoins de l’organisation. | D172: =Questionnaire!D173 -> 1
C173: =Questionnaire!E174 -> Compétences partiellement alignées, lacunes importantes. | D173: =Questionnaire!D174
C174: =Questionnaire!E175 -> Compétences globalement alignées mais à renforcer. | D174: =Questionnaire!D175
C175: =Questionnaire!E176 -> Compétences alignées et plan de formation adapté. | D175: =Questionnaire!D176
C176: =Questionnaire!E177 -> Compétences stratégiques alignées et en constante évolution. | D176: =Questionnaire!D177
C177: =Questionnaire!E178 -> 6Q3. Un plan de formation et de développement des compétences est-il mis en place ? | D177: =Questionnaire!D178 -> 1
... C196: =Questionnaire!E197 -> Apporter de la valeur aux parties prenantes grâce à des livrables clairs et actionnables | D196: =Questionnaire!D197 -> 0
B197: =VLOOKUP(C197,Recherche!$B$2:$E$226,4) -> 7. Architecture Content & Deliverables Capability | C197: =Questionnaire!E198 -> 7Q1. Les livrables d’architecture (cartographies, modèles, roadmaps) sont-ils produits systématiquement ? | D197: =Questionnaire!D198 -> 4
C198: =Questionnaire!E199 -> Aucun livrable d’architecture produit. | D198: =Questionnaire!D199
C199: =Questionnaire!E200 -> Livrables ponctuels et limités à quelques projets. | D199: =Questionnaire!D200
C200: =Questionnaire!E201 -> Livrables produits mais qualité et usage variables. | D200: =Questionnaire!D201
C201: =Questionnaire!E202 -> Livrables produits systématiquement et réutilisables. | D201: =Questionnaire!D202 -> 4
C202: =Questionnaire!E203 -> Livrables produits systématiquement, standardisés et automatisés. | D202: =Questionnaire!D203
C203: =Questionnaire!E204 -> 7Q2. Les livrables sont-ils compréhensibles et exploitables par les parties prenantes ? | D203: =Questionnaire!D204 -> 4
C204: =Questionnaire!E205 -> Livrables inexistants ou inutilisables. | D204: =Questionnaire!D205
C205: =Questionnaire!E206 -> Livrables peu clairs ou incomplets. | D205: =Questionnaire!D206
C206: =Questionnaire!E207 -> Livrables compréhensibles mais perfectibles. | D206: =Questionnaire!D207
C207: =Questionnaire!E208 -> Livrables clairs et adaptés aux besoins des parties prenantes. | D207: =Questionnaire!D208 -> 4
C208: =Questionnaire!E209 -> Livrables exemplaires et adaptés à tous les usages. | D208: =Questionnaire!D209
C209: =Questionnaire!E210 -> 7Q3. Les livrables sont-ils tenus à jour et adaptés aux besoins des projets ? | D209: =Questionnaire!D210 -> 4
...

Sheet Maintenir et renforcer
C2: Axes à renforcer (Notes <4 et >=3) | D2: Note
C3: =Questionnaire!E4 -> Architecture Governance Capability | D3: =Questionnaire!D4 -> 3.6
C4: =Questionnaire!E5 -> Assurer la cohérence des transformations et limiter les dérives | D4: =Questionnaire!D5 -> 0
B5: =VLOOKUP(C5,Recherche!$B$2:$E$226,4) -> 1. Architecture Governance Capability | C5: =Questionnaire!E6 -> 1Q1. Existe-t-il une gouvernance d’architecture clairement définie (comité d’architecture, processus de validation, etc.) ? | D5: =Questionnaire!D6 -> 2
C6: =Questionnaire!E7 -> Aucun comité d’architecture ni processus formel ; décisions au cas par cas. | D6: =Questionnaire!D7
C7: =Questionnaire!E8 -> Un comité est envisagé mais pas encore actif ; peu de formalisation. | D7: =Questionnaire!D8 -> 2
C8: =Questionnaire!E9 -> Comité existant avec rôles flous et gouvernance immature. | D8: =Questionnaire!D9
C9: =Questionnaire!E10 -> Comité d’architecture bien défini, processus documenté et suivi. | D9: =Questionnaire!D10
C10: =Questionnaire!E11 -> Gouvernance totalement intégrée et pilotée de façon stratégique. | D10: =Questionnaire!D11
C11: =Questionnaire!E12 -> 1Q2. Les principes et standards d’architecture sont-ils documentés et appliqués de façon cohérente ? | D11: =Questionnaire!D12 -> 4
C12: =Questionnaire!E13 -> Aucun principe ni standard défini. | D12: =Questionnaire!D13
C13: =Questionnaire!E14 -> Principes en cours de rédaction, non appliqués systématiquement. | D13: =Questionnaire!D14
C14: =Questionnaire!E15 -> Principes définis mais appliqués de façon variable. | D14: =Questionnaire!D15
C15: =Questionnaire!E16 -> Principes formalisés, communiqués et appliqués régulièrement. | D15: =Questionnaire!D16 -> 4
C16: =Questionnaire!E17 -> Principes intégrés aux processus projets, suivis et améliorés. | D16: =Questionnaire!D17
C17: =Questionnaire!E18 -> 1Q3. Les dérogations ou exceptions sont-elles formellement gérées et suivies ? | D17: =Questionnaire!D18 -> 3
... C36: =Questionnaire!E37 -> Standardiser les pratiques pour produire des résultats reproductibles et cohérents | D36: =Questionnaire!D37 -> 0
B37: =VLOOKUP(C37,Recherche!$B$2:$E$226,4) -> 2. Architecture Practice Process Method Capability | C37: =Questionnaire!E38 -> 2Q1. Une méthodologie d’architecture (TOGAF, Zachman ou autre) est-elle adoptée et adaptée au contexte ? | D37: =Questionnaire!D38 -> 2
C38: =Questionnaire!E39 -> Aucune méthodologie formelle d’architecture n’a été identifiée ou utilisée. | D38: =Questionnaire!D39
C39: =Questionnaire!E40 -> Une méthodologie est envisagée mais pas encore formalisée ; quelques architectes l’appliquent ponctuellement. | D39: =Questionnaire!D40 -> 2
C40: =Questionnaire!E41 -> Une méthodologie est définie mais son application varie d’un projet à l’autre, sans standardisation. | D40: =Questionnaire!D41
C41: =Questionnaire!E42 -> Une méthodologie est adoptée, adaptée au contexte, et utilisée régulièrement sur la plupart des projets. | D41: =Questionnaire!D42
C42: =Questionnaire!E43 -> La méthodologie est totalement intégrée, adaptée en continu, et soutenue par des formations et des guides pratiques. | D42: =Questionnaire!D43
C43: =Questionnaire!E44 -> 2Q2. Les étapes et les livrables du processus d’architecture sont-ils clairement définis ? | D43: =Questionnaire!D44 -> 3
C44: =Questionnaire!E45 -> Aucun processus ni livrable défini. Chaque architecte fait selon ses habitudes. | D44: =Questionnaire!D45
C45: =Questionnaire!E46 -> Quelques livrables sont définis mais pas alignés avec un processus structuré. | D45: =Questionnaire!D46
C46: =Questionnaire!E47 -> Les étapes et les livrables sont définis mais pas systématiquement appliqués. | D46: =Questionnaire!D47 -> 3
C47: =Questionnaire!E48 -> Les étapes et les livrables sont définis, normalisés et connus des équipes. | D47: =Questionnaire!D48
C48: =Questionnaire!E49 -> Les étapes et les livrables sont standardisés, adaptés selon le contexte projet et audités régulièrement. | D48: =Questionnaire!D49
C49: =Questionnaire!E50 -> 2Q3. Les architectes appliquent-ils systématiquement la méthodologie définie ? | D49: =Questionnaire!D50 -> 4
... C68: =Questionnaire!E69 -> S’assurer que l’architecture soutient réellement les besoins métiers | D68: =Questionnaire!D69 -> 0
B69: =VLOOKUP(C69,Recherche!$B$2:$E$226,4) -> 3. Business & IT Strategy Linkage Capability | C69: =Questionnaire!E70 -> 3Q1. L’architecture est-elle alignée avec la stratégie métier de l’organisation ? | D69: =Questionnaire!D70 -> 2
C70: =Questionnaire!E71 -> Aucun alignement entre l’architecture et la stratégie métier. | D70: =Questionnaire!D71
C71: =Questionnaire!E72 -> Alignement en réflexion mais pas encore formalisé. | D71: =Questionnaire!D72 -> 2
C72: =Questionnaire!E73 -> Alignement partiel mais manque de cohérence. | D72: =Questionnaire!D73
C73: =Questionnaire!E74 -> Alignement opérationnel avec la stratégie métier. | D73: =Questionnaire!D74
C74: =Questionnaire!E75 -> Alignement stratégique parfaitement intégré aux processus d’architecture. | D74: =Questionnaire!D75
C75: =Questionnaire!E76 -> 3Q2. Les besoins métiers sont-ils systématiquement intégrés dans les décisions d’architecture ? | D75: =Questionnaire!D76 -> 2
C76: =Questionnaire!E77 -> Les besoins métiers ne sont pas pris en compte. | D76: =Questionnaire!D77
C77: =Questionnaire!E78 -> Intégration ponctuelle des besoins métiers. | D77: =Questionnaire!D78 -> 2
C78: =Questionnaire!E79 -> Intégration variable selon les projets. | D78: =Questionnaire!D79
C79: =Questionnaire!E80 -> Intégration régulière des besoins métiers dans les décisions. | D79: =Questionnaire!D80
C80: =Questionnaire!E81 -> Intégration des besoins métiers systématique et priorisée. | D80: =Questionnaire!D81
C81: =Questionnaire!E82 -> 3Q3. Les projets stratégiques sont-ils priorisés en fonction de leur alignement avec l’architecture cible ? | D81: =Questionnaire!D82 -> 2
... C100: =Questionnaire!E101 -> Favoriser l’adhésion et la compréhension de l’architecture | D100: =Questionnaire!D101 -> 0
B101: =VLOOKUP(C101,Recherche!$B$2:$E$226,4) -> 4. Communication Capability | C101: =Questionnaire!E102 -> 4Q1. Les concepts d’architecture sont-ils vulgarisés pour les rendre accessibles aux parties prenantes ? | D101: =Questionnaire!D102 -> 3
C102: =Questionnaire!E103 -> Aucune communication autour de l’architecture. | D102: =Questionnaire!D103
C103: =Questionnaire!E104 -> Communication ponctuelle et limitée. | D103: =Questionnaire!D104
C104: =Questionnaire!E105 -> Communication existante mais inégale. | D104: =Questionnaire!D105 -> 3
C105: =Questionnaire!E106 -> Communication régulière et adaptée. | D105: =Questionnaire!D106
C106: =Questionnaire!E107 -> Communication institutionnalisée, planifiée et proactive. | D106: =Questionnaire!D107
C107: =Questionnaire!E108 -> 4Q2. Les architectes sont-ils capables d’animer des ateliers et des réunions efficaces ? | D107: =Questionnaire!D108 -> 3
C108: =Questionnaire!E109 -> Aucune animation d’atelier ni réunion efficace. | D108: =Questionnaire!D109
C109: =Questionnaire!E110 -> Animation d’atelier occasionnelle et peu structurée. | D109: =Questionnaire!D110
C110: =Questionnaire!E111 -> Animation d’ateliers variable selon les projets. | D110: =Questionnaire!D111 -> 3
C111: =Questionnaire!E112 -> Animation d’ateliers efficace et interactive. | D111: =Questionnaire!D112
C112: =Questionnaire!E113 -> Animation d’ateliers et réunions exemplaires. | D112: =Questionnaire!D113
C113: =Questionnaire!E114 -> 4Q3. Des supports de communication adaptés (présentations, synthèses, etc.) sont-ils produits régulièrement ? | D113: =Questionnaire!D114 -> 2
... C132: =Questionnaire!E133 -> Structurer et capitaliser les connaissances en architecture | D132: =Questionnaire!D133 -> 0
B133: =VLOOKUP(C133,Recherche!$B$2:$E$226,4) -> 5. Tools & Repository Capability | C133: =Questionnaire!E134 -> 5Q1. Disposez-vous d’un outil d’architecture partagé et accessible à tous les architectes ? | D133: =Questionnaire!D134 -> 3
C134: =Questionnaire!E135 -> Aucun outil d’architecture n’est utilisé. | D134: =Questionnaire!D135
C135: =Questionnaire!E136 -> Un outil est envisagé mais son utilisation est limitée. | D135: =Questionnaire!D136
C136: =Questionnaire!E137 -> Outil disponible mais son usage n’est pas homogène. | D136: =Questionnaire!D137 -> 3
C137: =Questionnaire!E138 -> Outil d’architecture partagé et bien utilisé. | D137: =Questionnaire!D138
C138: =Questionnaire!E139 -> Outil d’architecture totalement intégré à l’écosystème numérique. | D138: =Questionnaire!D139
C139: =Questionnaire!E140 -> 5Q2. Les modèles d’architecture sont-ils centralisés et à jour dans un référentiel unique ? | D139: =Questionnaire!D140 -> 4
C140: =Questionnaire!E141 -> Les modèles d’architecture sont dispersés et non centralisés. | D140: =Questionnaire!D141
C141: =Questionnaire!E142 -> Les modèles sont regroupés partiellement, sans mise à jour. | D141: =Questionnaire!D142
C142: =Questionnaire!E143 -> Modèles centralisés mais mis à jour de manière irrégulière. | D142: =Questionnaire!D143
C143: =Questionnaire!E144 -> Modèles centralisés, à jour et accessibles. | D143: =Questionnaire!D144 -> 4
C144: =Questionnaire!E145 -> Modèles complets, mis à jour en temps réel et exploités activement. | D144: =Questionnaire!D145
C145: =Questionnaire!E146 -> 5Q3. L’outil d’architecture est-il utilisé de manière cohérente et normalisée ? | D145: =Questionnaire!D146 -> 3
... C164: =Questionnaire!E165 -> Disposer des bonnes ressources pour porter l’architecture | D164: =Questionnaire!D165 -> 0
B165: =VLOOKUP(C165,Recherche!$B$2:$E$226,4) -> 6. People and Team Capability | C165: =Questionnaire!E166 -> 6Q1. Disposez-vous d’une équipe d’architectes clairement identifiée et dotée de rôles définis ? | D165: =Questionnaire!D166 -> 1
C166: =Questionnaire!E167 -> Pas d’équipe d’architectes identifiée ni de rôles définis. | D166: =Questionnaire!D167 -> 1
C167: =Questionnaire!E168 -> Définition des rôles embryonnaire ou partielle. | D167: =Questionnaire!D168
C168: =Questionnaire!E169 -> Rôles définis mais manque de clarté ou d’homogénéité. | D168: =Questionnaire!D169
C169: =Questionnaire!E170 -> Rôles bien définis et connus de l’organisation. | D169: =Questionnaire!D170
C170: =Questionnaire!E171 -> Rôles définis, connus et intégrés dans la gouvernance. | D170: =Questionnaire!D171
C171: =Questionnaire!E172 -> 6Q2. Les compétences de l’équipe sont-elles alignées avec les besoins de l’organisation ? | D171: =Questionnaire!D172 -> 1
C172: =Questionnaire!E173 -> Compétences non alignées avec les besoins de l’organisation. | D172: =Questionnaire!D173 -> 1
C173: =Questionnaire!E174 -> Compétences partiellement alignées, lacunes importantes. | D173: =Questionnaire!D174
C174: =Questionnaire!E175 -> Compétences globalement alignées mais à renforcer. | D174: =Questionnaire!D175
C175: =Questionnaire!E176 -> Compétences alignées et plan de formation adapté. | D175: =Questionnaire!D176
C176: =Questionnaire!E177 -> Compétences stratégiques alignées et en constante évolution. | D176: =Questionnaire!D177
C177: =Questionnaire!E178 -> 6Q3. Un plan de formation et de développement des compétences est-il mis en place ? | D177: =Questionnaire!D178 -> 1
... C196: =Questionnaire!E197 -> Apporter de la valeur aux parties prenantes grâce à des livrables clairs et actionnables | D196: =Questionnaire!D197 -> 0
B197: =VLOOKUP(C197,Recherche!$B$2:$E$226,4) -> 7. Architecture Content & Deliverables Capability | C197: =Questionnaire!E198 -> 7Q1. Les livrables d’architecture (cartographies, modèles, roadmaps) sont-ils produits systématiquement ? | D197: =Questionnaire!D198 -> 4
C198: =Questionnaire!E199 -> Aucun livrable d’architecture produit. | D198: =Questionnaire!D199
C199: =Questionnaire!E200 -> Livrables ponctuels et limités à quelques projets. | D199: =Questionnaire!D200
C200: =Questionnaire!E201 -> Livrables produits mais qualité et usage variables. | D200: =Questionnaire!D201
C201: =Questionnaire!E202 -> Livrables produits systématiquement et réutilisables. | D201: =Questionnaire!D202 -> 4
C202: =Questionnaire!E203 -> Livrables produits systématiquement, standardisés et automatisés. | D202: =Questionnaire!D203
C203: =Questionnaire!E204 -> 7Q2. Les livrables sont-ils compréhensibles et exploitables par les parties prenantes ? | D203: =Questionnaire!D204 -> 4
C204: =Questionnaire!E205 -> Livrables inexistants ou inutilisables. | D204: =Questionnaire!D205
C205: =Questionnaire!E206 -> Livrables peu clairs ou incomplets. | D205: =Questionnaire!D206
C206: =Questionnaire!E207 -> Livrables compréhensibles mais perfectibles. | D206: =Questionnaire!D207
C207: =Questionnaire!E208 -> Livrables clairs et adaptés aux besoins des parties prenantes. | D207: =Questionnaire!D208 -> 4
C208: =Questionnaire!E209 -> Livrables exemplaires et adaptés à tous les usages. | D208: =Questionnaire!D209
C209: =Questionnaire!E210 -> 7Q3. Les livrables sont-ils tenus à jour et adaptés aux besoins des projets ? | D209: =Questionnaire!D210 -> 4
...

Sheet Référentiel
A1: Capacité | B1: Question | C1: Score | D1: Réponse illustrative | E1: Q Forms
A2: 1. Architecture Governance Capability | B2: 1Q1. Existe-t-il une gouvernance d’architecture clairement définie (comité d’architecture, processus de validation, etc.) ? | C2: 1 | D2: Aucun comité d’architecture ni processus formel ; décisions au cas par cas. | E2: =C2&"-"&D2 -> 1-Aucun comité d’architecture ni processus formel ; décisions au cas par cas.
A3: 1. Architecture Governance Capability | B3: 1Q1. Existe-t-il une gouvernance d’architecture clairement définie (comité d’architecture, processus de validation, etc.) ? | C3: 2 | D3: Un comité est envisagé mais pas encore actif ; peu de formalisation. | E3: =C3&"-"&D3 -> 2-Un comité est envisagé mais pas encore actif ; peu de formalisation.
A4: 1. Architecture Governance Capability | B4: 1Q1. Existe-t-il une gouvernance d’architecture clairement définie (comité d’architecture, processus de validation, etc.) ? | C4: 3 | D4: Comité existant avec rôles flous et gouvernance immature. | E4: =C4&"-"&D4 -> 3-Comité existant avec rôles flous et gouvernance immature.
A5: 1. Architecture Governance Capability | B5: 1Q1. Existe-t-il une gouvernance d’architecture clairement définie (comité d’architecture, processus de validation, etc.) ? | C5: 4 | D5: Comité d’architecture bien défini, processus documenté et suivi. | E5: =C5&"-"&D5 -> 4-Comité d’architecture bien défini, processus documenté et suivi.
A6: 1. Architecture Governance Capability | B6: 1Q1. Existe-t-il une gouvernance d’architecture clairement définie (comité d’architecture, processus de validation, etc.) ? | C6: 5 | D6: Gouvernance totalement intégrée et pilotée de façon stratégique. | E6: =C6&"-"&D6 -> 5-Gouvernance totalement intégrée et pilotée de façon stratégique.
A7: 1. Architecture Governance Capability | B7: 1Q2. Les principes et standards d’architecture sont-ils documentés et appliqués de façon cohérente ? | C7: 1 | D7: Aucun principe ni standard défini. | E7: =C7&"-"&D7 -> 1-Aucun principe ni standard défini.
A8: 1. Architecture Governance Capability | B8: 1Q2. Les principes et standards d’architecture sont-ils documentés et appliqués de façon cohérente ? | C8: 2 | D8: Principes en cours de rédaction, non appliqués systématiquement. | E8: =C8&"-"&D8 -> 2-Principes en cours de rédaction, non appliqués systématiquement.
A9: 1. Architecture Governance Capability | B9: 1Q2. Les principes et standards d’architecture sont-ils documentés et appliqués de façon cohérente ? | C9: 3 | D9: Principes définis mais appliqués de façon variable. | E9: =C9&"-"&D9 -> 3-Principes définis mais appliqués de façon variable.
A10: 1. Architecture Governance Capability | B10: 1Q2. Les principes et standards d’architecture sont-ils documentés et appliqués de façon cohérente ? | C10: 4 | D10: Principes formalisés, communiqués et appliqués régulièrement. | E10: =C10&"-"&D10 -> 4-Principes formalisés, communiqués et appliqués régulièrement.
A11: 1. Architecture Governance Capability | B11: 1Q2. Les principes et standards d’architecture sont-ils documentés et appliqués de façon cohérente ? | C11: 5 | D11: Principes intégrés aux processus projets, suivis et améliorés. | E11: =C11&"-"&D11 -> 5-Principes intégrés aux processus projets, suivis et améliorés.
A12: 1. Architecture Governance Capability | B12: 1Q3. Les dérogations ou exceptions sont-elles formellement gérées et suivies ? | C12: 1 | D12: Aucune gestion des dérogations. | E12: =C12&"-"&D12 -> 1-Aucune gestion des dérogations.
A13: 1. Architecture Governance Capability | B13: 1Q3. Les dérogations ou exceptions sont-elles formellement gérées et suivies ? | C13: 2 | D13: Gestion informelle des dérogations au cas par cas. | E13: =C13&"-"&D13 -> 2-Gestion informelle des dérogations au cas par cas.
... A226: 9. Organisational Capability | B226: 9Q5. Les changements organisationnels prennent-ils systématiquement en compte les impacts sur l’architecture ? | C226: 5 | D226: Changements organisationnels systématiquement synchronisés avec l’architecture. | E226: =C226&"-"&D226 -> 5-Changements organisationnels systématiquement synchronisés avec l’architecture.

Sheet Recherche
B1: Question | C1: Score | D1: Réponse illustrative | E1: Capacité
B2: 1Q1. Existe-t-il une gouvernance d’architecture clairement définie (comité d’architecture, processus de validation, etc.) ? | C2: 1 | D2: Aucun comité d’architecture ni processus formel ; décisions au cas par cas. | E2: 1. Architecture Governance Capability
B3: 1Q1. Existe-t-il une gouvernance d’architecture clairement définie (comité d’architecture, processus de validation, etc.) ? | C3: 2 | D3: Un comité est envisagé mais pas encore actif ; peu de formalisation. | E3: 1. Architecture Governance Capability
B4: 1Q1. Existe-t-il une gouvernance d’architecture clairement définie (comité d’architecture, processus de validation, etc.) ? | C4: 3 | D4: Comité existant avec rôles flous et gouvernance immature. | E4: 1. Architecture Governance Capability
B5: 1Q1. Existe-t-il une gouvernance d’architecture clairement définie (comité d’architecture, processus de validation, etc.) ? | C5: 4 | D5: Comité d’architecture bien défini, processus documenté et suivi. | E5: 1. Architecture Governance Capability
B6: 1Q1. Existe-t-il une gouvernance d’architecture clairement définie (comité d’architecture, processus de validation, etc.) ? | C6: 5 | D6: Gouvernance totalement intégrée et pilotée de façon stratégique. | E6: 1. Architecture Governance Capability
B7: 1Q2. Les principes et standards d’architecture sont-ils documentés et appliqués de façon cohérente ? | C7: 1 | D7: Aucun principe ni standard défini. | E7: 1. Architecture Governance Capability
B8: 1Q2. Les principes et standards d’architecture sont-ils documentés et appliqués de façon cohérente ? | C8: 2 | D8: Principes en cours de rédaction, non appliqués systématiquement. | E8: 1. Architecture Governance Capability
B9: 1Q2. Les principes et standards d’architecture sont-ils documentés et appliqués de façon cohérente ? | C9: 3 | D9: Principes définis mais appliqués de façon variable. | E9: 1. Architecture Governance Capability
B10: 1Q2. Les principes et standards d’architecture sont-ils documentés et appliqués de façon cohérente ? | C10: 4 | D10: Principes formalisés, communiqués et appliqués régulièrement. | E10: 1. Architecture Governance Capability
B11: 1Q2. Les principes et standards d’architecture sont-ils documentés et appliqués de façon cohérente ? | C11: 5 | D11: Principes intégrés aux processus projets, suivis et améliorés. | E11: 1. Architecture Governance Capability
B12: 1Q3. Les dérogations ou exceptions sont-elles formellement gérées et suivies ? | C12: 1 | D12: Aucune gestion des dérogations. | E12: 1. Architecture Governance Capability
B13: 1Q3. Les dérogations ou exceptions sont-elles formellement gérées et suivies ? | C13: 2 | D13: Gestion informelle des dérogations au cas par cas. | E13: 1. Architecture Governance Capability
... B226: 9Q5. Les changements organisationnels prennent-ils systématiquement en compte les impacts sur l’architecture ? | C226: 5 | D226: Changements organisationnels systématiquement synchronisés avec l’architecture. | E226: 9. Organisational Capability
